,AA,SS3,SS8,P3C,P3E,P3H,P8C,P8S,P8T,P8H,P8G,P8I,P8E,P8B
0,G,C,C,1.0,7.367076e-11,3.6843453e-14,1.0,5.923161e-10,1.1739469e-12,1.4211062e-17,2.5165769e-18,4.2387406e-32,5.3509107e-12,9.776961e-16
1,P,C,C,0.99100214,0.0011145414,0.007883405,0.9292934,1.7360648e-05,0.06120051,0.00053060334,0.0076515395,6.716663e-08,0.00061426224,0.0006922819
2,G,C,C,0.9655484,0.003571495,0.030880166,0.66993886,0.07585388,0.19638689,0.00010228447,0.05648517,1.7718054e-05,0.0009788343,0.0002363526
3,S,H,G,0.12750746,7.74389e-06,0.87248486,0.008346698,1.0935337e-05,0.0001920536,1.3435139e-15,0.99145025,2.426588e-08,6.4195005e-09,7.672054e-12
4,A,H,G,0.49669102,0.00028502688,0.503024,0.35771292,0.0017358455,0.11098663,7.42326e-11,0.52956283,6.2109294e-08,1.6642222e-06,1.916786e-09
5,P,C,C,0.9919518,0.004907435,0.0031406651,0.8601818,0.09628573,0.035724744,4.587141e-05,0.0050590048,3.375316e-06,0.00018829029,0.0025111872
6,L,C,C,0.99271494,0.0070134127,0.00027155405,0.7081979,0.27678472,0.0047194366,0.00010132795,0.00020607225,3.9402892e-07,0.0046612523,0.0053289505
7,P,C,C,0.9941918,0.0043011615,0.0015069668,0.8430418,0.13782986,0.01289264,0.00038593434,0.0010287995,6.217147e-07,0.0019784076,0.0028420088
8,N,C,C,0.9957759,0.003457977,0.00076610805,0.8510577,0.14039655,0.0038251802,0.0002920386,0.00035018136,5.2183265e-07,0.0011354655,0.00294222
9,P,C,C,0.9835671,0.001911965,0.014520918,0.6917264,0.13733998,0.15342411,0.0021456145,0.012644497,2.3160837e-06,0.0012880515,0.0014289794
10,P,C,C,0.9802951,0.0030989712,0.016605841,0.5274698,0.24067199,0.21025708,0.004512474,0.013558255,1.7214707e-05,0.0014403632,0.0020727755
11,M,C,C,0.9554316,0.008287466,0.036280956,0.49016643,0.37703142,0.09191173,0.013492656,0.018082982,7.099611e-05,0.003009783,0.0062340936
12,T,C,C,0.9281616,0.0043001682,0.06753817,0.7310972,0.18077943,0.015579921,0.063182175,0.0053522754,1.2800409e-05,0.0017900405,0.002206112
13,P,H,H,0.47987354,0.0007266722,0.5193998,0.3046815,0.0563807,0.104821354,0.51736134,0.015984707,2.3251925e-05,0.0002512233,0.0004958828
14,A,H,H,0.27793354,0.0011717159,0.7208947,0.12886553,0.045805518,0.08264289,0.7158948,0.02541351,0.0001112006,0.00044679974,0.0008198226
15,Q,H,H,0.23508906,0.0020051228,0.7629058,0.1248818,0.038842753,0.057625,0.75831336,0.01823363,0.00012075969,0.0010377578,0.0009449253
16,H,H,H,0.19237441,0.0014352651,0.8061903,0.10772621,0.033599153,0.048053823,0.79526824,0.013843988,0.000125581,0.0008485498,0.0005343902
17,Y,H,H,0.15984869,0.0010568917,0.8390944,0.0825503,0.0223166,0.04761962,0.836393,0.0099796485,0.00014924613,0.000614304,0.00037725852
18,A,H,H,0.10558587,0.0004483623,0.89396584,0.049673002,0.012760382,0.03784434,0.8929081,0.0062268153,0.00014372285,0.00025204523,0.00019162307
19,Q,H,H,0.11335513,0.0003404921,0.8863043,0.046519287,0.012801503,0.041727927,0.8922498,0.0062577664,8.682209e-05,0.0001738023,0.00018314236
20,A,H,H,0.089988925,0.00038722417,0.9096238,0.052526876,0.008846511,0.025376521,0.9091729,0.0036938745,5.9869733e-05,0.00019903493,0.00012444114
21,I,H,H,0.08840497,0.00070250925,0.9108924,0.052199125,0.011006321,0.020370923,0.91276985,0.0029199568,8.625808e-05,0.00046250634,0.00018493754
22,H,H,H,0.072336346,0.00047967926,0.927184,0.0377506,0.0054994966,0.020644395,0.93193054,0.0037744322,0.00011793812,0.00018688703,9.5816824e-05
23,H,H,H,0.0944164,0.00054268615,0.9050409,0.073492244,0.0077976985,0.027846733,0.87902915,0.011405871,9.881606e-05,0.00023357851,9.585841e-05
24,E,H,H,0.073829606,0.00016861211,0.92600185,0.06530321,0.0069541847,0.036102958,0.87793946,0.013392654,0.00013567363,7.5301745e-05,9.646609e-05
25,G,H,H,0.07094311,0.00039765864,0.92865926,0.029598169,0.006673145,0.02885975,0.92828315,0.0060736304,0.00012248453,0.00024846502,0.00014124824
26,L,H,H,0.08630313,0.00031367515,0.9133832,0.027033377,0.009902337,0.040319286,0.91689706,0.005441971,9.972813e-05,0.00017404425,0.00013219948
27,A,H,H,0.054828424,0.00020094281,0.9449706,0.021621954,0.004980148,0.022477716,0.9435603,0.007080429,6.954603e-05,0.000116916955,9.293818e-05
28,R,H,H,0.06664189,9.947548e-05,0.9332586,0.017801527,0.0052756486,0.03135142,0.9388622,0.00659406,3.3289853e-05,4.77858e-05,3.4067536e-05
29,H,H,H,0.07647908,0.00033080732,0.9231902,0.026070258,0.0066110725,0.039045542,0.92078525,0.006960816,0.00020096957,0.00015745951,0.00016860057
30,H,H,H,0.042118803,0.00026949038,0.9576116,0.023471141,0.004150908,0.013964583,0.9560204,0.0020894662,3.907186e-05,0.00014129307,0.0001231149
31,T,H,H,0.04755756,0.0001268295,0.95231557,0.026292177,0.0046266373,0.013784749,0.9527674,0.0023692246,4.6610083e-05,6.535453e-05,4.7919064e-05
32,T,H,H,0.04373011,0.00013876327,0.95613116,0.022143934,0.003734685,0.015622509,0.95597816,0.0023193643,7.132234e-05,8.301674e-05,4.710425e-05
33,V,H,H,0.047243997,0.0001345382,0.9526214,0.018243166,0.0034731207,0.019928155,0.95628864,0.0018333811,0.000107439584,6.559306e-05,6.050772e-05
34,A,H,H,0.039454356,5.608836e-05,0.9604895,0.017257296,0.0027502163,0.014183833,0.96349585,0.0022182835,4.383259e-05,2.5506391e-05,2.5268204e-05
35,E,H,H,0.05017988,0.0001529844,0.9496672,0.021868331,0.004316634,0.017121255,0.95172447,0.0047897166,6.482395e-05,8.087431e-05,3.3860746e-05
36,D,H,H,0.06835522,0.00022019679,0.93142456,0.020239968,0.0068372106,0.03542217,0.93190426,0.0052849264,0.00013231985,8.515142e-05,9.3955e-05
37,H,H,H,0.25266317,0.00015667638,0.74718016,0.061839666,0.029151026,0.14045593,0.758879,0.009455229,6.770561e-05,6.5938955e-05,8.5540414e-05
38,R,H,H,0.06625513,0.00013348428,0.93361145,0.029074647,0.0059474967,0.026150338,0.9360301,0.0026790306,2.5524656e-05,3.9305094e-05,5.356674e-05
39,Q,H,H,0.071400136,0.00026010218,0.9283398,0.027481258,0.007289377,0.030738778,0.92949,0.0046787322,9.808573e-05,0.00011987129,0.00010380864
40,T,H,H,0.053386815,0.0001789451,0.9464342,0.024457585,0.0053628385,0.019690655,0.9469743,0.0033184432,4.110737e-05,7.34706e-05,8.1643455e-05
41,A,H,H,0.040201306,7.856774e-05,0.9597201,0.01952641,0.0040027774,0.013449713,0.9608718,0.0020578795,1.7578523e-05,3.4781388e-05,3.895059e-05
42,N,H,H,0.03795467,8.580587e-05,0.9619596,0.017462626,0.0027220636,0.013742388,0.9641925,0.0017837094,2.6135323e-05,4.3429227e-05,2.7153792e-05
43,L,H,H,0.040022742,0.00011065162,0.9598666,0.018921103,0.002301244,0.014719839,0.9623523,0.0015765695,4.6381057e-05,4.0721552e-05,4.187551e-05
44,H,H,H,0.041043546,7.658933e-05,0.9588799,0.018495604,0.0038137927,0.012627108,0.9636542,0.0013212559,1.4001635e-05,3.625446e-05,3.779198e-05
45,D,H,H,0.038009454,5.852769e-05,0.961932,0.021844048,0.002694491,0.007875313,0.9661891,0.0013359276,1.19533615e-05,3.0946645e-05,1.8211063e-05
46,N,H,H,0.028835729,5.889175e-05,0.97110534,0.0133109335,0.0023615835,0.010592527,0.9727094,0.0009494424,2.9836365e-05,2.4762641e-05,2.1454493e-05
47,R,H,H,0.026799027,7.882341e-05,0.9731222,0.0134656,0.0017759537,0.006805074,0.9773767,0.000513819,8.946013e-06,3.5082187e-05,1.8822751e-05
48,I,H,H,0.030009205,0.00011956441,0.9698712,0.018081361,0.0019783033,0.0076507,0.97135466,0.0008169284,1.6162707e-05,6.347642e-05,3.8501166e-05
49,K,H,H,0.026406506,9.219017e-05,0.9735014,0.01616752,0.0012428658,0.0061888625,0.9757735,0.0005363249,1.4327362e-05,5.995661e-05,1.6604758e-05
50,A,H,H,0.030218855,6.8047055e-05,0.9697131,0.017425671,0.0013688371,0.008210125,0.9720238,0.00088358077,2.7902432e-05,4.2274576e-05,1.78925e-05
51,A,H,H,0.03544519,5.6450066e-05,0.9644984,0.01796137,0.0028547845,0.011681422,0.96612185,0.0013086101,2.149626e-05,2.8788914e-05,2.160838e-05
52,K,H,H,0.05497142,7.8314835e-05,0.9449503,0.019843906,0.0033919131,0.024435217,0.94897234,0.0032292698,5.3168893e-05,3.5871795e-05,3.8379625e-05
53,A,H,H,0.10435668,0.00017052877,0.8954729,0.03501875,0.008980359,0.053970937,0.89635,0.0054662786,7.6874385e-05,7.12586e-05,6.559969e-05
54,R,H,H,0.17207427,0.0003874407,0.8275383,0.05504526,0.021260897,0.08628582,0.82815546,0.008782685,8.9119654e-05,0.00015958851,0.00022114554
55,Y,H,H,0.20691817,0.0007281892,0.7923537,0.07206675,0.022938486,0.103696965,0.78405416,0.016272988,0.00014602143,0.00022560534,0.0005989996
56,N,H,H,0.36723122,0.0009520533,0.63181674,0.10603627,0.04019999,0.22094004,0.6099733,0.021570535,0.00019947905,0.00040011323,0.0006803371
57,A,C,T,0.6756945,0.0012408637,0.32306454,0.11391615,0.10037124,0.4396739,0.32138723,0.022851218,0.00021756251,0.0004039013,0.0011787931
58,G,C,T,0.91665936,0.0008594435,0.08248125,0.17174222,0.16065165,0.5862306,0.069052115,0.011172147,0.00010236773,0.00042357715,0.00062534807
59,L,C,C,0.94663626,0.007156299,0.046207447,0.58910024,0.26923132,0.09031952,0.033548605,0.01027795,7.2453506e-05,0.002414957,0.005034945
60,D,C,C,0.9775415,0.0034061596,0.019052366,0.85530233,0.10152807,0.021371009,0.015967527,0.001975895,7.2978883e-06,0.00078829017,0.0030595846
61,P,C,H,0.5671654,0.0010408299,0.43179387,0.16525826,0.10751762,0.2778708,0.37144765,0.07635495,0.00026187173,0.0003717841,0.0009170977
62,N,C,T,0.5729662,0.0007022445,0.42633152,0.12256474,0.026758844,0.4317339,0.30608213,0.11064191,0.0011458611,0.00031854602,0.00075407396
63,G,H,G,0.0053581884,3.5796868e-10,0.9946418,0.0013946885,2.1150511e-07,2.4239193e-07,1.232948e-22,0.99860483,7.957789e-09,7.703117e-13,3.8175138e-23
64,L,H,G,0.036133148,2.4826547e-19,0.96386683,0.04267838,5.5857178e-14,9.902283e-20,0.0,0.9573216,1.7473464e-24,2.4063372e-24,0.0
65,T,H,C,0.034076218,4.068976e-28,0.96592385,0.8070309,2.145251e-22,3.4565945e-31,0.0,0.1929691,2.0602e-41,1.447796e-35,0.0
66,S,C,C,0.94314796,7.014337e-31,0.056851983,0.9999527,7.006497e-28,5.6931276e-38,0.0,4.7295627e-05,0.0,7.746e-42,0.0
67,A,C,C,0.6009534,7.2994616e-25,0.3990466,0.99958616,6.0173443e-21,1.1177946e-28,0.0,0.000413858,1.8215786e-36,3.927851e-32,0.0
68,Q,C,C,0.7084358,3.2479856e-13,0.29156423,0.9928803,9.1522445e-10,9.978711e-13,3.28e-43,0.007119689,7.823107e-17,2.0367597e-16,3.892699e-39
69,K,H,C,0.14023073,3.4256613e-05,0.859735,0.59393656,0.0105043845,0.03390649,0.35133785,0.010267599,1.461673e-05,1.9853725e-05,1.2586993e-05
70,H,H,H,0.06779639,0.0001887338,0.9320148,0.034445282,0.007171246,0.018914811,0.936678,0.0025602672,3.9151135e-05,9.903513e-05,9.225237e-05
71,Q,H,H,0.08421815,0.00022286933,0.915559,0.046208844,0.008953306,0.021239333,0.92040116,0.0029108475,7.090913e-05,0.00011408624,0.00010163204
72,I,H,H,0.07041175,0.0002963465,0.92929184,0.03502632,0.008871782,0.024856674,0.928218,0.0026924992,6.92026e-05,0.00012815295,0.0001372923
73,E,H,H,0.056249335,0.00016813171,0.94358253,0.030214738,0.005270034,0.019642893,0.9422061,0.0024259083,5.771615e-05,7.9267425e-05,0.000103343205
74,R,H,H,0.065289095,0.0001928666,0.9345181,0.035209488,0.0047761835,0.021705925,0.9342075,0.0038056676,0.00010824476,7.817916e-05,0.00010884786
75,D,H,H,0.061645567,0.00016345883,0.93819094,0.02986365,0.0057125236,0.021914093,0.93864286,0.003627875,8.048016e-05,6.326275e-05,9.517336e-05
76,H,H,H,0.065770514,0.00014648245,0.9340831,0.031764228,0.005613477,0.021386966,0.9377023,0.0033508076,5.254432e-05,6.147174e-05,6.818612e-05
77,H,H,H,0.046328396,0.00014949465,0.95352215,0.02258097,0.004721369,0.01586861,0.9538956,0.0027735373,1.9180985e-05,7.383995e-05,6.675109e-05
78,L,H,H,0.05237158,0.00025094565,0.9473775,0.02447963,0.0047578416,0.019791117,0.94714695,0.0035407047,5.5127537e-05,0.0001228189,0.000105811516
79,S,H,H,0.049302857,0.000119393335,0.95057774,0.020390283,0.0036151567,0.019888664,0.9534767,0.0024446552,7.547787e-05,5.7334903e-05,5.1735264e-05
80,L,H,H,0.047735028,0.00013375658,0.9521313,0.020494426,0.0053546284,0.016255,0.95550025,0.0022406832,3.5381836e-05,6.6356646e-05,5.3320942e-05
81,A,H,H,0.041763104,8.7604734e-05,0.9581493,0.019763416,0.00345716,0.014334957,0.9604826,0.0018401805,3.39682e-05,3.976469e-05,4.7942598e-05
82,A,H,H,0.040873647,0.00010835884,0.959018,0.018861204,0.00363328,0.015078627,0.9602418,0.0020739886,2.276812e-05,4.7248548e-05,4.1149415e-05
83,Q,H,H,0.037234604,5.5922723e-05,0.96270955,0.016179185,0.0030348834,0.013744833,0.9654908,0.0014881706,1.8578177e-05,2.358339e-05,1.9926687e-05
84,A,H,H,0.03846144,4.7274894e-05,0.96149135,0.017265243,0.0037436797,0.014098572,0.9629353,0.0018949343,1.840581e-05,1.8794464e-05,2.5096293e-05
85,E,H,H,0.046890322,7.71756e-05,0.95303255,0.019454189,0.0052176635,0.017194778,0.9557356,0.0023130344,2.067258e-05,3.280332e-05,3.124841e-05
86,R,H,H,0.05212777,0.00010207174,0.94777024,0.019652247,0.0043344395,0.021391599,0.9523625,0.002140775,3.0530708e-05,4.230631e-05,4.5544875e-05
87,H,H,H,0.046470124,0.000116318086,0.95341367,0.020497346,0.004234974,0.017884482,0.9549352,0.0023187867,2.9162007e-05,4.5618548e-05,5.4478318e-05
88,A,H,H,0.044031367,0.00013369828,0.9558349,0.021679573,0.003940778,0.01484107,0.95722294,0.00217247,2.8812861e-05,6.011631e-05,5.436881e-05
89,A,H,H,0.054866556,0.00014748122,0.9449859,0.025866846,0.0043999245,0.013553826,0.953484,0.0025364466,4.9076276e-05,6.9272035e-05,4.0604064e-05
90,T,H,H,0.056436714,0.00020060586,0.94336265,0.027230233,0.004544599,0.02119653,0.9432281,0.0035233207,0.00010107987,8.888551e-05,8.721703e-05
91,H,H,H,0.053176768,0.00014722049,0.9466759,0.025715169,0.0046898164,0.020564532,0.94520944,0.0036034896,6.618938e-05,6.686156e-05,8.453415e-05
92,N,H,H,0.07295509,0.00016788358,0.926877,0.032274786,0.007080625,0.028993722,0.92679226,0.0046500284,4.9044862e-05,7.708323e-05,8.253254e-05
93,R,H,H,0.075969,0.00018355418,0.9238474,0.024603484,0.008235868,0.028814575,0.9331319,0.0049991235,4.4088614e-05,9.586278e-05,7.511708e-05
94,E,H,H,0.056276467,0.00033995163,0.9433836,0.022434635,0.004619467,0.02302385,0.9464748,0.003130246,4.9474264e-05,0.00015588813,0.000111623376
95,A,H,H,0.07705887,0.0005175302,0.9224236,0.0380984,0.0073186196,0.026568357,0.922036,0.0054463143,5.999516e-05,0.00026016557,0.00021213814
96,A,H,H,0.08655624,0.0007884333,0.9126553,0.03341797,0.0093274545,0.034426756,0.913529,0.008491569,0.00014153775,0.00042991585,0.00023579583
97,Y,H,H,0.08872499,0.001960191,0.9093148,0.037704404,0.011722817,0.036975425,0.9024662,0.009117723,0.00020868614,0.0010626203,0.0007420535
98,H,H,H,0.15032412,0.001442719,0.84823316,0.07659038,0.013610501,0.041893017,0.85449976,0.011759662,0.0001478008,0.0008503967,0.0006484839
99,R,H,H,0.16374977,0.0010078726,0.8352424,0.057671543,0.018289767,0.0858862,0.81554073,0.021424707,0.00024418888,0.00045581526,0.0004870993
100,L,H,H,0.25056806,0.0012150938,0.7482168,0.08728984,0.032411315,0.1296007,0.7229494,0.026232585,0.00026033435,0.00053522136,0.0007206396
101,H,H,H,0.35177496,0.0008243069,0.64740074,0.09173078,0.04638068,0.19465207,0.63883525,0.027175935,0.0002755795,0.00039958398,0.0005500414
102,S,C,H,0.49971518,0.0014206022,0.49886423,0.17655508,0.07368763,0.24145041,0.47787118,0.028662743,0.00016731318,0.0006107278,0.0009949509
103,Q,C,H,0.6452203,0.004552961,0.35022673,0.2295372,0.14192742,0.25362366,0.3411076,0.029079411,0.00012546875,0.002283234,0.0023159713
104,T,C,S,0.9924638,0.005736642,0.0017995207,0.47885787,0.5075449,0.005529412,0.0009924484,0.0005043845,7.117572e-07,0.002677784,0.003892476
105,P,C,C,0.9883754,0.006913402,0.0047111847,0.8044202,0.15617143,0.0291235,0.0016978355,0.0024142582,1.1604524e-06,0.0030066096,0.0031650125
106,A,C,C,0.99079025,0.005431335,0.003778399,0.742024,0.22119689,0.027013265,0.001132768,0.0029627252,5.935288e-06,0.0022256481,0.0034387147
107,P,C,T,0.98056513,0.0013562888,0.018078592,0.3689741,0.23633558,0.36986184,0.00469444,0.018163836,1.0598113e-05,0.00065947196,0.0013001858
108,G,C,C,0.9562047,0.008704043,0.035091277,0.36332926,0.2520509,0.34159467,0.010324832,0.02426501,0.00010774497,0.0023020783,0.0060254545
109,T,C,C,0.6585533,0.005210737,0.33623594,0.56696296,0.03127857,0.061219577,0.00011311117,0.33957103,9.2633316e-05,0.0005774273,0.00018466785
110,K,H,G,0.08440402,1.8454522e-06,0.9155941,0.036632806,1.4136396e-05,4.7202684e-05,5.704653e-17,0.96330583,9.540623e-09,7.559039e-09,4.0055146e-15
111,R,H,G,0.1425193,5.027468e-11,0.85748076,0.037044786,1.7690165e-10,2.5258608e-12,5.76e-43,0.9629552,1.3165431e-18,1.6990823e-15,2.0958235e-37
112,S,C,G,0.7626467,3.7357647e-15,0.23735332,0.060346138,1.9482888e-14,9.87106e-18,0.0,0.93965393,3.0377256e-27,4.10981e-22,0.0
113,I,C,G,0.6796473,1.39905e-20,0.32035267,0.42714188,2.98646e-17,6.914179e-24,0.0,0.57285815,3.7946736e-32,9.287258e-27,0.0
114,D,C,C,0.9931231,2.9996592e-24,0.006876853,0.9998783,1.1137704e-21,9.572402e-31,0.0,0.00012164032,2.47e-43,8.8301196e-32,0.0
115,E,C,G,0.78851163,5.3204546e-25,0.21148837,0.09983918,9.286153e-22,3.8125426e-29,0.0,0.90016085,6.52735e-36,7.2298435e-33,0.0
116,L,C,C,0.99999,1.2931867e-20,9.976956e-06,1.0,6.406001e-22,1.7140737e-28,0.0,3.944888e-09,3.396379e-37,2.7691833e-27,0.0
117,D,C,C,1.0,3.843925e-20,3.8880302e-11,1.0,9.752851e-18,1.4588934e-22,0.0,1.4487897e-13,8.49589e-40,1.6867378e-23,0.0
